place,title,link,published,source,domain,category,confidence,importance,reason
New York NY,"3 stabbed outside Laurelton, Queens home in dispute over French bulldog peeing on lawn - ABC7 New York",https://news.google.com/rss/articles/CBMirAFBVV95cUxPbXRUc2VvYlpIT25KUXp3Nzh1U3ZJSzlJVkI0REFzWWN0TDNtVjVoQ3hkYmpHQzk2UzdmVHNWWWM3V1VvUGJxb1FIMUNXbFhCWWZmbEtzMjdnUTF2bUdsb0lTRVRIa3NHSEJpMS11SGtpX1U5T1M4WlUtSHZaTndKVUszdkpNU1Q1M2dNVk50eERvVUJkM1pyX0VpaExoZVpIMjNMdjJWZ0ttQy1x0gGyAUFVX3lxTFBZa0JHSUJZM0lOWGFRR1k2NXBXMklPUTl5U1FJVWFuTG1ZbGRadTJCenNmN0s4cVJVcmhrRVpGNEN5blo0UGpENERoSlJWeHpoamdMMFp3WTRqQ2NsX1k0aXNOYnQ5dkhScG1fc0hycWxWS0NYb3pvWXk1RVdmVEhlWjdta1U3S0x5Zl82TVVpQVhXMzZwZlVTcHZEZDBPRnBBaGhRcmxLQXdlajdXYVBKbkE?oc=5,"Thu, 23 Apr 2026 18:50:05 GMT",ABC7 New York,news.google.com,civics_politics,0.96,0.52,"Stabbing already occurred; police/crime investigation belongs under civics, not active alert."
New York NY,"Jeff Rosenstock announces ""ultra-long"" 'Worry' show in NYC - BrooklynVegan",https://news.google.com/rss/articles/CBMijgFBVV95cUxOUUR4WEJmdFctTXVidF85dm9oNWxfdWtWYWdRTVptQ3RoeXUtRzMxLXRzcXA1c1BUb2I5czdaWERqWFVRWGdvMWZ3WVlCd0FNeG1aSlRjcjJpdEtsWHIzWGZSYlhyemNGZEJQTHVIQ2V5aGpObUtqUDhvR3NMNThLLTlMUFY0OVBoQzY3cHlR?oc=5,"Thu, 23 Apr 2026 16:37:15 GMT",BrooklynVegan,news.google.com,community,0.98,0.42,NYC music show announcement is local arts and entertainment news.
New York NY,Lower Manhattan gets a new arts center focused on Central and Eastern Europe - Time Out Worldwide,https://news.google.com/rss/articles/CBMivAFBVV95cUxOTjNsWTRtX2VnTnJ5YWJ0R1NSbWk1bEFLS3cyX0dSSWZRRG9FN0o3eWJ5WU5lMTYzWW5Eb0JDcjhOSVA2SzNFbl9BYnZhY1E5dW1zYkJRcjhUcUU2TmFiaXFfQzd3MmVUS1NHY1h2LUpHZTlKbXhvYUwwWUFkUUdYdjJpT1dUZHo5dVJYbFVMeW9PeEMzWWdIbWg3QktlRXJzUV9IcUJ3UUhnRjhRRWFvSHUtbnRNQmRDejA4Yw?oc=5,"Fri, 24 Apr 2026 01:45:19 GMT",Time Out Worldwide,news.google.com,community,0.93,0.46,New Lower Manhattan arts center is local culture and neighborhood news.
New York NY,"Iran War Has Drained U.S. Supplies of Critical, Costly Weapons - The New York Times",https://news.google.com/rss/articles/CBMizgRBVV95cUxPLU9zU19fZ0FyTzJnVURwRGpxY3hOeTREek91cFZXQldadlFwR3JwXzNrZmpLR1FOTnVGUW5faU5jNTZZd2NtbzBvVktBSGNPWmJqU1AyUnhLS0dnNVVjQXRWYWVxQ2puc3V1NFQzLS1GMWhzdHd0MVJhME9kbkMxV3dhcm9sdjIwd3lVMmNGbUFlaDFqa1BWMm0tYTJEOFY5ZmliQVJKSC1pckdZWnVDSThDdktYa3NOUDM2eTAzZ3ZCbjg0b2VLNjhVV3Q0NzB2R3FMVXhvT2pPcWZTNDVDb2U1Y1Q4dG15QUUyMFoyT0hHTS1xZE9MTDVVTHExTWZDYm1pdzEzdVVJVlA3R0h6ekFDT1VWRUV3M0pKWmh5RWRTQ2RLYk5ZcTZrWGRjTFJpNE1MdmswSmNiVFR1YnBVRktvTGU4U183N2FGaEZEY1FPbUY5VFVKY0xXOGJqVHJRX1pTTXBJRlJkZzhZMEF1UEpJMmd2aXVWb3lUaThWWHk3UVdSbW1Fd2tWUWpydXNER3dOTDdZanBJcXpSbGF5ZVlueVZMLTlvZWR0dHItUlcyQjN5VmNoU2VVUVZ0bnBJTFVKQkNsTUxfb3lqd0VGbjVrLXYzanBkRDZHRTUwZ0tRRDQ4Q0ZXTWpPODdac1AxZUplQ1lPN09tbXVDLWRONWkzM0dzNHRkVklxQWlKZE9FQmVTTUE4bGRGNWZTSUpsaElKb1dOTmY1Tk8yQzRwajFNWnpIM0pzallfSWRCM21IUjNMXzQ2N2lTN2FJdw?oc=5,"Thu, 23 Apr 2026 23:51:05 GMT",The New York Times,news.google.com,nonlocal,0.99,0.2,"International war and U.S. weapons supply story, not specifically local to NYC."
New York NY,"Iran War Live Updates: U.S. Blockade Will Last ‘As Long as It Takes,’ Hegseth Says - The New York Times",https://news.google.com/rss/articles/CBMiwwRBVV95cUxQNmcxMlZSYUZoQWRSTFIyQUo3a0FUTXZPU1ZJNkkyNEtqOUFRS1hOaUJGVUwtZzAyZmhoUTFEMHZrZ2pYZGVoaHNfVHctOTBTck1yLVF2OWVfMlQ4clBkY0RuVjkzVnVzdHBYcVFkc3RKbHBoUGM1ZTFSMnU0Q2w1NXJHMV9mdUR5STVNeDhkYkh2djYtLXk0VFRwNmpIVWxnRWhZVnlKUmRYUFBRWlZQTUVSNng2dXRnWmd3RWRaVVBWZ1JQM0ZtYnJYY2VsT0dDdVlvdjNCWk9NbGhkZFBQRHdjS21ZZ0piX25IOTV2RVBpRi1hWTFJR3NHS3lwU1RadlBUY0hFaW9YcHhDVXJZTjZRUTQzZDJvWGMwX1Rya2N4dDFJaFlRMlpjVzFPRTN4V19kRjlUZTNtQVhhVUtPZW9fM0RPZjc2N3FhdEdEQ1p5M0k2LXR1ZEhjeGpvMFVVcklEVHN4Ylo0cVR0UWI2d21fdlB1OGFPVnlKN0IxUG9YbXRMQnpKOUw4OVZtUTd3WTRoZnQzNEVJSU1aMzJuWW9ucDR1UVpGWHowWldxXzVFaUZNeHhCLUJoSk9hU3ZBYVF4SWFpQ0MtbGM1cGJKTlNiTWFWSnR2VVNERTRfZUoxREZIUWoxUG5xdTlaQkR5VmNNQ1BOMnlzZ3p5T0hqWU4teDFMX04wSmNzc1luVWVjUGREQy1jMGxTdEpFZ21MXzBMLUQ4Vm9CQmpJNldtMkRkNW1mcGNiX3A4N3Zrd2pOaUU?oc=5,"Fri, 24 Apr 2026 13:09:32 GMT",The New York Times,news.google.com,nonlocal,0.99,0.2,Live updates on Iran war and U.S. blockade are national/international news.
New York NY,How the War in Iran Is Shifting From Bombardment to a Test of Wills - The New York Times,https://news.google.com/rss/articles/CBMiywRBVV95cUxNaEFaQ0ctSkxxQktQQTBqZmFEekpKdlBFT0hGUkMxSjZ4N21ET3lPajVLa0E3QXVzb1poemxjU2lwNFE0OHNjb2F0aVR3V1BvelFmN3p1NjFMZy1EcXhqUkVWdkpVVmgtMExYaGcwMnk3djFTQ0JYWGpnY2QtQlY2ZFZQOXR6RHlwRHJSWFFZX0hfTEFDRmJWZ19Wd05CLUp1cEFwWEdOSGtSdl8yNGJWX3hjY1J3aTdoVDc4RHRXWFdTem9weFB4S2ItUUNqY0FrRWxQVTdwNXpRSUxkcnBfWGswcVBqN1JnUkNJdTdhNFktR1hFWlAtbU9ZUjFEZGlqSTU0Ml9DVGJoZ3VrNlhvTnM1OTdLMjhsZzdTTUtzeVFBMEtiMFlrZlp4SHZ2YmFLU00tTS0wWlIwbjh6NkNCVnVwQ1NSNVNyT3I0MDJ3OHRZdDRaSGp0UlM5STJxT2prTzh2NUxxT0dqSmxhSzExUGZ6U2VHaTN6Qi0tb25scm8wY1dROXd3RWdBZmEzb3I2RUxQdTFFc2J3N0paQ3FVanc4QU1kTXJELWxodDRKcE00ekFFcjFoYjlORGdOY25qa3BqN0FvdHpOS0dDUmV6ZG9zZjBvbU9qZm9rSzAtY2E3SVRLQ2lGQ1ZFbm1odGNFd1dyYWE3VVFSM0FJeFlhVTRoazdXRlJ5Z0ZfLUZ3Tmx3MEJNWlVNWnZlSFloVFUxWldXQ0oyWmYtV3RqRkR3djFxcEhMRjRxUVBOMWJjRm43bk52N1pLYmZJUQ?oc=5,"Thu, 23 Apr 2026 21:59:40 GMT",The New York Times,news.google.com,nonlocal,0.99,0.16,"Analysis of Iran war strategy is international, not directly local."
New York NY,NTSB report describes chaos at LGA ahead of Air Canada crash - Gothamist,https://news.google.com/rss/articles/CBMiuAJBVV95cUxQV2RLU1dHbG5Fd2JRN1Z6bWxlaVRFeG54cVZZSTlfemtrTFpOVlpJMmNCSzZoZ1RuelFxWlJjVzVWcnVLUTRoNjg2NGg4bnN1bzBlaU5aRDE1YmpON0NpUmhOTUF0Qmdpem9sQ0dOclB1M3ZyTlVUUk5HdDNiMk9tNEFQYm1GZGxmbm51RGV0MGQ1cWRjTmtXU1VlcXRZWGhUV0pRQV9odDBGc2JuU2R1VC16MDFhS1RpOHc0SFZtdE1ZeGVaV2RVSWxIY3V0YjU1RVM2Sml0NlJ5QWdibWlNSjRMRUZnbXZBVDJqQkNMOGhWOFdHMEw4MW5pelBSbTdzMEFxekxWYjg5RlJnOUwtZjNoMjRMLVpTRnpmb2d5NFhucVF3MjkwODRFcFc2Uk9pT0hleHlfZEM?oc=5,"Fri, 24 Apr 2026 10:30:00 GMT",Gothamist,news.google.com,civics_politics,0.84,0.45,NTSB report about LaGuardia aviation incident is transportation oversight and investigation news.
New York NY,"NYPD arrests Bronx man in Queens car takeover, 7 still sought - Gothamist",https://news.google.com/rss/articles/CBMinAJBVV95cUxQaXVWSVRUM280YjdoVVhzUTBVamVibTgxY29mcy1MM0MyR2V5aUpHSi00WTRCMlZVc2w4VU1jaHh6UmdlQklmSFR3N042MHd6MFRZZnN1RHFobmNYMlN5SlBpZG56NXExZld0QjhYU2xkQnlka3pMYW5mY2M4TUdvR3R0Sk1MTUVfdzI2TVhxaUh5YjE0Y3dBN1RlOVVPU3lXT2lLbEhzcEw5eXFYbkdQelkyZXVsalhhaHJXY2VVTVpNcFNBbE5EY3F6dmNnd3FLazdUcEtiZ1dYOFQyWnhoOW1POWhVenp2UDhCbXVqUXBEbVZMeUU5aUZZN2p6STFEaWtBNkpCTWNMd2NmaF9lUWEwbGNMNzIzc3BnbA?oc=5,"Thu, 23 Apr 2026 19:52:00 GMT",Gothamist,news.google.com,civics_politics,0.97,0.49,Arrest and ongoing police search in Queens crime case fits crime investigation.
New York NY,I spent the day riding the A train with NYC's ‘Snackman’ - Gothamist,https://news.google.com/rss/articles/CBMiswJBVV95cUxPQ2Y0V0pJRVlQTnI4OWtJOHJtSHNzM2JrbVZFaEZGakU4YnZTQTNaRjJtSE1hWGhYM19hWUpLem1ELUNOM0xsVXVrMldGTmFkRjJvY0FaV2R5OElaNF8yQjc4Z0JZTzJ5dDNlWE5IQkdzc1dSdGZTc2NOR0FScnczU2JzMVJ4aElKMl9xbHRPUF9yMWJwNUNZOTl1anFmZElKMTZLSE1saEhmWWFlc2gzakhpaFF2WUpzR1lZUmNILWVPWVZRUERoX09FTFRqT1VrTk1ueFc4RmZ4VFo0VWItN3U2cHVlSTd1VkU0aFp2VDZTeE0yM3IycnN0QnNkb0VGUGFyc1VVU0VUSlJ1S3NKcDhDYlI3SjVGTWZqVmo3OExBai1LRUpDVHdSNm5iTGc3NlIw?oc=5,"Thu, 23 Apr 2026 17:05:01 GMT",Gothamist,news.google.com,community,0.95,0.31,Human-interest feature about a notable A train personality in NYC.
New York NY,Americans blame Trump for gas price surge in election year - Reuters,https://news.google.com/rss/articles/CBMi7gRBVV95cUxPcF9nd1lGem01NlFXakJXRERMT01TV29vcUFaNUZqdTJkdDU1Nmh5MER1bVcxbmxuQ3dfQl9wSmdzM3NOSGhxU0VJUTdLMlk5MXBOUl82dzdOQzdOQWxFTkdEVm9ZUF85aHBsLVZFTnR2UkJPYkJxczlWeDFLREJaNlAxRGc3bFJrTHlPcFBaVTZIUG9ZV2RBYTdoQUprcW9NOUVhMVEwU19sS041ZnBkc3pCeXUwQ3c0TzZraGQ1MlRBWkVRRmpMUkZWTVhUYnM5dGtaOHdxZ2V2TTQxQ0UyekY5TkwwbmNGNTRraXJvS0dkODNYYTlTVTljdXpnNkFtYnk4eFBWRndvRWRBMUxocHZ0QkJ2LUtWdHNKSkJfVlJJY1NMTERSM2dlejNReEc0cm5DZUpybXlWSzdHaWM2aC1XTHNCMnljQmlTOVlhaDd0cXVJc2piX1dyMlRET2pGekYwbFVrMmNRaE8xZ1ZRTENKY0dyUVhKalNHTHFhXzlILWZrdFVDVko3QVcyaDFQVnRvdEIwRFNBQXZzSTVURFR0cWZjcmt1TXNKQUpQc1d3R2YtdzRWYS0tNElpLXpMdlhxM1Rxb1FwOGVGQ0loc0UtVm4wLWhPT2xQQXpWMklOSlJUU09NQ2dEaGdLTmR3aXItOWlQMEpyNEI1bHpWaGpsTFdWczBrZkJGQ2ctZXN6UmhncTVJMlBkb1dib20yQUVkcVNZbmFVN2hTeWpkQkNXM2d1Nk5HRUJiZy1CdE9TNTdndEw5RHZDX3BIX0xMeTVmNlF5VTJDR2NQWHNnblNBbVU0bU56MGtlTElR?oc=5,"Fri, 24 Apr 2026 10:45:47 GMT",Reuters,news.google.com,nonlocal,0.99,0.18,"National political polling on gas prices and Trump, not NYC-specific."
New York NY,Conservative super PAC threatens to unseat Republicans  - Reuters,https://news.google.com/rss/articles/CBMi8gRBVV95cUxOQmxWeUxENi00M0pWTFVPSlA1blpyRUZuOWhRMzY3TTl1d3NvcFZicTJwRUpncnJYMElYM2xXaVRSQUhEX2xWNHlEcFROMEJqa3VKSVh1Um8yLU01X2VZZ004d25iMXNaQWg1eVczVmNYUGlGUGpqcUNRYk1ZT0N4N1NyaVBZdzJNLUNydVYyVER0UGVZRk1ORm5DbnB6WGpGR3FVR0hDc3ZYRFZFeWtOOUpvcDBsR2tYYi01ekVLU1o1VmpLSW5IMFdmZVg0czJ0Y1ZFSHB0WGctOVY0RjNnaUQyZGYxTHpxVXB0VEZrbmhYNjVfU2hhZTN5YmZSa2RKdUV3WWxhb2hNZllxY1o2ZTg4cU5fVG9GbXgzemlRcG1pQXg4MHZhbmVFbWtyVzZuYUYzWVA5cjVCWVl2TklJcDNDTXlHaTBGQ2Y4Si11dmJVNHZPLTEzeTBMLUpsUVBzeGQwTHg5clBSdksyOGotQ3JFUDJ6SGxwcW9HVi1McXJYTXNROTZmamdPZ0VnYVB3TzE3OExxRFV3RU9NSUprdTJ6U2dKTG9DVzJOZVVzS004NWF4MmFxQWU5MG9XaTliaEtTS1Z1OHVEYU5QcnBBVG4xcXNha1kyck1pSjdDcDFJaGZtSVhzM19LM3l1bGtBbVB0T1ZfeXhDNGRsTzUzUUplcTBxSGlDdnlfSEJhY1A4QWQzZnBINkl4UEJDUTR4RW95eXhQS25FNWR3cUdlNFB5V3Q1c3Fla0otclhQZzlvSk1yRXgxTXhtc2hCTDBCaG93N3k1RV9KcmRRVEZLNWFxTEJoTUZWVHJvdVB1dTJTZw?oc=5,"Fri, 24 Apr 2026 10:43:50 GMT",Reuters,news.google.com,nonlocal,0.99,0.16,National Republican super PAC story lacks direct local NYC relevance.
New York NY,Warsh's quest for better inflation data faces hurdles - Reuters,https://news.google.com/rss/articles/CBMi5ARBVV95cUxNclh2TWRrZm9WQmRFMUt5U2FSZGYyS1Y1Umo3TWVDOElDWi1NQjRjTk84bnNWeDIxSi14MzhsRHRiMW5hcGFTdmJpeWhwQ0xQVlN5aXZya2Q5ci1ETFdBUmJKZnU1Uy1mVi1jaHJSTnpjQWVsTHJPRDE0eVNHeXBjbWxPRWtEeHNmR25EaFdNbEd4RGVrTkliOXpPWlU5VjU0S3FzWDNxRmlYcUU5NHEwQ250TVVGVVVMRlNfWmw2bnZWT0IxZzY1UkMxNXAtMkF6b2luOV84VGl2RnFFWXUyUVpnd01URHVvWER5RC1HZWE3NGxCQnUxa2xzcktxQ0ZQNE5PS0pfX2ZnNFMtWW9kZkJsbXA4MVZfeTRKY19pNHliSGVJT2RJWVlCbE81NGUtc0JmSXVBSkpYQkVJVFBpOG9UdjlELUlCYlUyM2JUTTdMRmxYWUstSWtnaHh1VmVhc2tTbkM2Z09wYVMwd0JNaVoxVFAzUGl6dUlRa0d2dFFlaWZTc09xNUNTTVNCZ2M0WDRiV2ZsZjdaUGc5T0UwVFdEWlRIYk9MU1JZa3RmR0hEVm0tTGtaVFd6Q21FUUUtTnNXMTZ6Y0ZGWTQtNU50aVFERW9XMDV6elJNdDB4aVd6d1FTSUh2RkdqNkMtNlBtYmlMZ2oyc0hRZUliYzZoMkRNWTg2NjBZNXNEZXFVZkNHZE9ia2s0aDZ0VVFrZ3A0TXo2SzdRNnZVZW5Ua0gzMGMxYmdhQVlUaXQteFRLTDJhREJYemxIaDBVc3VxeHE4VUlaU3Q2Ymp4Qm02TmhETFpIdjY?oc=5,"Fri, 24 Apr 2026 10:08:52 GMT",Reuters,news.google.com,nonlocal,0.98,0.14,"National economic policy and inflation data story, not local."
New York NY,"Housing voucher funds dry up years ahead of schedule, thousands of NYC residents will lose vouchers - ABC7 New York",https://news.google.com/rss/articles/CBMiwAFBVV95cUxQVmVvTExZczJMdjJDSVZGbGhKTTlBeEtzNzZLVHV4dXVNcWp5MFJyYlJvY1duLTJzekswV1g2UmE4bmlDQWxFRWxYNXFGNTJtblRJR0V2eWdyZDZRTVVRa1lfNDZUdmJhekIxU2tOZEVwMXIwRFdSNk10UWdpU2Vabk9WU01DSHVFNTNZX0NxVkd0RE9zV05BN2x3OUNyR2JYVVRzV05wY0ZyNHhvMGxzbTBoTm9mTk9rODNyei1xdWLSAcYBQVVfeXFMT1dRU1NnYWw5cGMwalRVeWVFMTFDQm1felJoU1E0TXB3bTZncUdyc3pEb2ZNeEd6U01KblJrdWl5WU95NkJoRW9XbFFxNVFDVDdWMVhxb1pWOHJQV0tGSFo5cEFBTUNpb2szV3NXQTZEaEt5dFU1c1ROZEV4aWdOZVhYWmFxcUxRT1JaOXZoMkprNDJfM3VFZGZuMU5GZVVQaDliX2c1b2lYMkhJa1RyUy1aSlk1ekxmdThsanBMLTI2MU9DcUdR?oc=5,"Fri, 24 Apr 2026 09:49:42 GMT",ABC7 New York,news.google.com,opportunities_welfare,0.97,0.86,Loss of NYC housing vouchers directly affects residents’ benefits and social support.
New York NY,CEOs Didn’t Want Mamdani. Their Workers Contributed Big to His Campaign. - THE CITY - NYC News,https://news.google.com/rss/articles/CBMimgFBVV95cUxOSzVmZTZ2RHdtVnFSTlFfdlJhNVVlMVJoOGN6Mi1RVXBNOFc4V0V6cTYtSDhHbkNYQjFzWGRoYzVrV2Fuc3o0UW5zUGpiYW1SNURkMjhnbVdjOW1SdDF0Y3VGdUE5OUJDZklpdFZlWG5xOFotU1YwVnZ4bkVQY3ktWFhzVTd3b0FKOGppNEg4WnlacVNXR0pZc013?oc=5,"Fri, 24 Apr 2026 09:01:00 GMT",THE CITY - NYC News,news.google.com,civics_politics,0.92,0.56,Campaign finance and mayoral politics involving Mamdani are local political news.
New York NY,Enterprising Bronx teachers launch free libraries in bodegas to boost NYC literacy rates - New York Post,https://news.google.com/rss/articles/CBMitAFBVV95cUxNejNhVFU5dWFPdDRkdXVhMHlvcF9zSDMwNko3QUdjb2EtMlJOWEM3MEhtc015aFNPUllKRWt0QnFUcDdOSHpNcnJKbHdRZllDNDh1dUxUbXdsVGNGSWJ4U3hJVkphQVNQREJZbGtIZ0g3TGVzZmlqcTZjZkNrandCR21zUUdrZk5nMW8tSy1EUU94aktFYXpzdTVQWXJKNmcyZUdDNVhHZnFheHFVRHk0VnNfUU0?oc=5,"Thu, 23 Apr 2026 21:42:00 GMT",New York Post,news.google.com,community,0.9,0.5,Bronx teachers creating free libraries is positive local human-interest community news.
New York NY,I spent the day riding the A train with New York City’s ‘Snackman’ - Gothamist,https://news.google.com/rss/articles/CBMipwFBVV95cUxQYjYzdWs5dTRaNUtqakRfWXVLSWdNSjV1YjlUM1kwdmpSOHpKYXY4QndyWHR6aEZtN21KZmNvRmpSdHV0ZE5pUm12QzQ0QUVrTE40SkI4U3JIZ2JSWElVNmYxQmxDOUlHWm5QU0ZQcGJqRmMwOW0weXVyZ3h0VmxqWjZSNno4eEJCMEFoYTFFSkctNGRoVDdaai1XQ2xQanh2dnNDeFhuTQ?oc=5,"Thu, 23 Apr 2026 17:03:00 GMT",Gothamist,news.google.com,community,0.95,0.31,Human-interest profile about NYC’s Snackman on the A train.
New York NY,These are the 15 hardest restaurant reservations in NYC right now. We tell you how to get lucky. - Time Out Worldwide,https://news.google.com/rss/articles/CBMi9AFBVV95cUxQSUhMOHltYjc1TnJUNnc2c3hjOVdEcFhvOE9oUXFOSjZZYmpuS0RaTGwycmh1VC1CVmRSN1NjODgtNzJLMFJlcnFWRXBvNUNzNlRXaXNtdmg0S19yZW51d2NpcDI5aGJISXk3aXFDTjk1cXNESzZjVFk5YkVTclJyRzRWV2VGb01QakRxREt2d1RRakpXRjJ6QWhnWHJJRGhxUUozR1lPY2tYd3h0Z29OUHdHNFRBY2dqWGN5MEh6SDdob043eGItaUlyZGF1M05JMnlVY3VoMTBRdUlfUmhFLW1nOGpzRFpyckRkNGs0UGtfbjNQ?oc=5,"Thu, 23 Apr 2026 18:30:30 GMT",Time Out Worldwide,news.google.com,community,0.96,0.38,NYC restaurant reservation guide is local lifestyle and dining coverage.
New York NY,NYC hit-and-run driver who critically injured boy on scooter arrested after escape overseas - New York Daily News,https://news.google.com/rss/articles/CBMiywFBVV95cUxOUEx2YlhZdE93RmZPYkRxOXRQMFVhTGRienVfeFlTXzFXdmZIVW5mTnRrNFBmaHppNHY5TTI1MjZtZ1JOZ1JMaThYbmdQR0xzOWZ1aVhGNUlHbnRVQTNNR21CYUtnZ0FvRFVNdWZuS256Vlc0ampLZXpFQThrekFhMmpFdVYydVFGQXdyUnRCamtvRHdnSlh0SW1XQTV2QXVYMUtIR0VJRkswWXZhOS1CSmh0ZW1LRUl6YjB0elVwWl9FZmFvbTk0VmthSQ?oc=5,"Thu, 23 Apr 2026 14:01:35 GMT",New York Daily News,news.google.com,civics_politics,0.97,0.57,"Hit-and-run arrest is a completed crime and police matter, not active alert."
New York NY,Inside The Long Retreat of Workers’ Compensation in New York - New York Focus,https://news.google.com/rss/articles/CBMia0FVX3lxTE1SS3dCODZ5cHpzbFRVcDV0Y1dYN0djZEJBLXVRM0JRTEtjcHFLa2tDZ1o0VHRVVEtGU3J3YTh6Q250eVlrSXVSTVJYdEM5Tm90RGdzVVRSd293WC1mMmMtQ3hfSWI3Z0JsalZ3?oc=5,"Thu, 23 Apr 2026 17:59:00 GMT",New York Focus,news.google.com,opportunities_welfare,0.78,0.58,Workers’ compensation concerns benefits and support systems for New Yorkers.
New York NY,"He wants Muslims out of the U.S., and he’s Blakeman’s opener - Politico",https://news.google.com/rss/articles/CBMizwFBVV95cUxQaDRfTkdSSmxEcGdmUTU4LWZTczRvVF9ocktjeXlPNlotaVhuaXhVUERrcVZGbWhycnRvLU42a0NXalNXa1lkaG1HSmh0WjhEd2QwOUR5b281d2NERFRVNkdqekh3ZnZOSlplMXJjcGtwWktOcDgzMkg5end2bUwzcThpN0JuR09BNXNSYWVkLVBiSkd3SXpHWXViRkdFeU1UdEU2U0s1QktNel9ESklnNVRYdjlDblp2QXpJZVM0cE1aV2VZdWMwV0Q2ZmNwbUE?oc=5,"Thu, 23 Apr 2026 21:16:17 GMT",Politico,news.google.com,nonlocal,0.62,0.24,Headline centers on national anti-Muslim stance; local tie is unclear and secondary.
New York NY,Unions Met With Mamdani Team Over Protest ‘Buffer Zone’ Bill - THE CITY - NYC News,https://news.google.com/rss/articles/CBMijwFBVV95cUxNM0s1Qk5LZU00cGV2SFFsazRUc0FqYVNvTWRlQlplZE9mVWlXSVNGSmFIaDdOU0l1d1RneUFNNzhveFpKX01EV3NyS2wtcEdTM1h5MXhuMmEzbEZtaVhmSEJVR01CbWhmVk05QUxDeTF5SWhZdWRzMGVWeUxDbm4zZmlTNTR0c241MHR4Yl9KTQ?oc=5,"Thu, 23 Apr 2026 18:22:13 GMT",THE CITY - NYC News,news.google.com,civics_politics,0.95,0.55,Union meetings over proposed protest buffer zone bill are local policy negotiations.
New York NY,Is Goop Good? - Grub Street,https://news.google.com/rss/articles/CBMiekFVX3lxTE5PYXJWd0xnbjBuUUJqNHJQVE1PWmVTcnR2WXNCNkk3aVJrWU9VZ3VHYU9kVy1Ia0FGYzkzRE5XOXoyUE9SYUVMOHlkeTBQeUJEWmRGU0JOdUVXR2Zhel9RY2o3Z3NiV05BNWFQMXE3Y003MFdCZWR4SzFB?oc=5,"Thu, 23 Apr 2026 14:05:01 GMT",Grub Street,news.google.com,nonlocal,0.72,0.1,Generic lifestyle/opinion headline lacks clear NYC local relevance.
New York NY,"Two dead, 11 injured in five-alarm fire in Bronx’s Little Italy - Bronx Times",https://news.google.com/rss/articles/CBMijwFBVV95cUxOQ0xqWnU5NmJURnFWVjkxWlA2RzFhQ2pKNzR1ZjZ6Rzh0czNFbVh3eUxxbWNRekpMeUVQeGRkM19ReWpPNDRsVUtYbEIzMFZyQklYdkhQUmlzMV82ZXNMRG9LR0JGRUQ5aU1KNHZCUjFGWWF1QTVmVXNnclp2bElLNFNOSm5BVVgwcmtLT0lKYw?oc=5,"Thu, 23 Apr 2026 18:20:49 GMT",Bronx Times,news.google.com,civics_politics,0.74,0.72,"Major Bronx fire with casualties is serious local incident, but not framed as active emergency."
New York NY,Opinion: Most Empty Rent-Stabilized Apartments Don’t Need a Lot to be Habitable - citylimits.org,https://news.google.com/rss/articles/CBMiowFBVV95cUxOdThDMS16T3NoNXJLMFpPRjlDNE9qeloxNlpXQVFhWktsVXJiMjVWd210Q2VPQWtjeWJRTmx6cG9sWFcxdVZzM2NMY1B6ajBNR1o1T09rRE9LREZYTFlCcE41emRlMS10SDY4NkVTenVZSV82YnRLVVE4c3pnclF0WEVCeFRCc2Fwem5OQzlhejdGdWd1VWFRUFhtcWJCQ0Ffa0hj?oc=5,"Thu, 23 Apr 2026 20:59:24 GMT",citylimits.org,news.google.com,civics_politics,0.83,0.41,Opinion on rent-stabilized apartments concerns NYC housing policy and regulation.
New York NY,"The latest NY spa, wellness wave: injecting ourselves with experimental peptides - Gothamist",https://news.google.com/rss/articles/CBMiqAFBVV95cUxOaEE4ZDk5V3FEUFRnNGFWM1h3VE96YzZmVTQ2OVlwRV9NZ3Nkc1I5Y1NkYWZDYXNfeC0yNEdJbm5ma3R2WFNXR21KdVJ0U0JvaVhqT05LdjAxQi1OOGJsamtRcWZpRGl5VVZpMWVfRjg0bHJFN294NjYtTE5UVGJaVlpMVHprUE1uVEl6X1piWUdVS2EwaENNNmp3ZS1EZFQ2RjVXelJ5bWM?oc=5,"Thu, 23 Apr 2026 10:31:33 GMT",Gothamist,news.google.com,community,0.78,0.28,Local wellness trend piece is lifestyle coverage for NYC readers.
New York NY,New York’s Self-Induced Repeat Offender Problem - City Journal,https://news.google.com/rss/articles/CBMiggFBVV95cUxNbmxhSURDS2xNbFFoLXVNdXBWdWFRaGo5WElfcFN6RnBCblItRnpHU3NXNm10MVk5dFRISFpFa016M1c4TF9BYXNJU1ZzQzh2MHJ2OVFGS2MzeWI2U0RkRlJkRWZGbldMdHlMWHAydW8zeHNnSlNPR2dDYk1vRDdPYkR3?oc=5,"Thu, 23 Apr 2026 12:06:15 GMT",City Journal,news.google.com,civics_politics,0.79,0.49,Opinion on repeat offenders and public safety policy in New York.
New York NY,Here’s why NYC public school students have a late start for the 2026-2027 academic year - SILive.com,https://news.google.com/rss/articles/CBMiygFBVV95cUxQZFBxY3ZrblhzRHRyM3Q5R2VyaEp6cWFfeVNPUnNOalB1ZVUtZzNtY1YzSVZkRjhkZVhvVk91anRDNTMtY1VuODlpZG45SFpIU0x5b2NELXh0TDBvaHJ5Vnp0WVFFa20wUXRXTGdXVmtCdFhEWXpHRHJFMDdzd1gxVjUyWmFqUEE4OXBfMzExNFByZ0Z6ZDFCbDAxMTc2NktUN2l2dk9SdlozV2U0NmctZE9xRDRrNUFRNjI5SXdpOWNUS3BDajdLQjZn0gHeAUFVX3lxTE9YR0t5UTVRODZuYjg3TjBrVmJZeVNqaC02R2tURU1nRm15WFNnSzNNTmR5SC1lMDlRRDVLMjlTWGhZRmVaeDhWMnJjMVhkUW5tS0kzQXpzN0tkclV6UERaR0hnMXhJaDZPWXdKbmNSd3YwSFhleDNPM0xJTTlEWE5aU1hXYlUzTUE5ZTVjdTdpV1ZOOXZfYlFhS1ZrdjFxR1JBWXdSQ0xvd2JGV0JQMkxMQzBDMllIR19EX3BISGxSOVlCbTBtVXVaWHlIV1lFT3BjZ0RmUTRCQ2VFcmNVUQ?oc=5,"Thu, 23 Apr 2026 12:30:00 GMT",SILive.com,news.google.com,opportunities_welfare,0.72,0.42,Public school calendar information affecting students and families.
New York NY,Outgoing NY Rep. Stefanik keeps academia in her crosshairs with ‘Poisoned Ivies’ book - Gothamist,https://news.google.com/rss/articles/CBMirgFBVV95cUxOdDVRY1FUNERGejRBVmV0cllDTTd0RmlqNmxjZDN6UXlRZGJpZk1idG1uOEgzVVd6SndaQ05SSVN5OGxEN0NqWWVvLW8ydV8wMHJyalcwVnZfYWNESzh4NHNCUGtkek92d2hZa2JuQU1xaEFTZ0JPbURwc0FEbEdiNHUxR2M5UXNEVlk0VWFXekdBT0U0bW5EZWxxcUhIVlVJQWNQbFd2ZVVCR0tkUWc?oc=5,"Fri, 24 Apr 2026 00:40:00 GMT",Gothamist,news.google.com,civics_politics,0.76,0.34,Congress member and higher-education political controversy.
New York NY,The high price of bad drivers: New York must revoke the licenses of the worst offenders - New York Daily News,https://news.google.com/rss/articles/CBMieEFVX3lxTFBzWDFhUG4wcWZ2cGk5SFdoZUJaN05Ta2ZlVHBxRGlHa1pNWlJQNFpKN2F0MlJ3aUxWbFh4eFpHSUlCNnk5azZhNXRaNGx1NHlGaW9WUlI4TTl0N09remUxMHRpblNJLUVFYTd1Vkl4QXI5N2RTWFV2cg?oc=5,"Thu, 23 Apr 2026 08:00:02 GMT",New York Daily News,news.google.com,civics_politics,0.84,0.45,Advocates policy change on driver license revocations in New York.
New York NY,"Housing Lottery Launches for 1435 East Gun Hill Road in Baychester, The Bronx - New York YIMBY",https://news.google.com/rss/articles/CBMitAFBVV95cUxPbzRtb183b19DeFlVdl9UYi1Za29TZGZhMEE1cC13WUNpWFhwUkFrTzNwekhyeGo4aHhxdFRscVpSNGtFQ3Izdkh6Si1yOUd5OHFYMUxrQW1GcU1TMmpFVV8zUERmZVFRNkRKN3B5WTgwVjhwY1o3N1dwYjJCNktZZG5sbkp5NW9PcWlBVUNaMjZkUnhoWFhGb0tVNDJ6SjdnZ0t4OTdkUmRZRzhES09DN2VuVGE?oc=5,"Thu, 23 Apr 2026 10:30:29 GMT",New York YIMBY,news.google.com,opportunities_welfare,0.95,0.72,Housing lottery offers affordable housing opportunity in the Bronx.
New York NY,Snagging Shakespeare in the Park tickets is about to get much easier - Time Out Worldwide,https://news.google.com/rss/articles/CBMisgFBVV95cUxPYjVOZm1FMHAwd1J5dE1aMVdzVmE1MWd4aFBqWFJuN1p1NEdCZkdBMHZpMlFMa09tc1NaaWU1cDExeFFQSmkwUTVKZUl1cmcxcjNtSlV1QTQ1NXdMLVNjRC1rd1NwajlzNzVOQ194Z1JVdHFPSEQ0YnJKQXFYNl9PM3lTSlR2dzBFM3FIZmdBSkV2OE53UmpWTDBqWUNuYm0ybzViTjdrOTJEMmJLYVJ1ZWR3?oc=5,"Wed, 22 Apr 2026 21:15:52 GMT",Time Out Worldwide,news.google.com,community,0.95,0.53,Local arts access news about Shakespeare in the Park tickets.
New York NY,"NY woman charged with torture as murder, first in county's history, gets life in prison - NBC New York",https://news.google.com/rss/articles/CBMinwFBVV95cUxORE5PNVBWNE1OV1lCaFVWSWtwSG4zc0RWUWcyZkZHaVB3WktEdXRnT0hoZmxfenhhNlQ2TFkxNXpNYVE3Vi1GcEE1Tlo3TllEeENWMDFzam5kUVdEY0wwMnU2VjNlY1RlenhZQ3BHTzdDaEx4YVpWMWF3OUxJbFpmbVBta0pDeVY2VmdhX0RadzNqd1ZYSTFUQlpLcktUc2_SAacBQVVfeXFMUHkzRjBhMUJXc0dXTGZHMF9qTkNmMnJ6WXE5TGFscHhSbDhxdlpaNm9oS0NKSDJlbTZRa0pSZ2FRTVMwZnFzdjFSQjdXU2Ywd3NpV0hoX21FVjdVcFEteU1icUI4aDRkUTI1UngxTG5ZYlZXX1VSYjUya0NZUGt2NVRqUnVkNFgzMVB5VTJHeW1PeUxRT19FQkllT2pYcm9xSzJaWE04bWM?oc=5,"Thu, 23 Apr 2026 22:59:12 GMT",NBC New York,news.google.com,civics_politics,0.94,0.46,Crime case sentencing; not an immediate ongoing threat.
New York NY,City starts work to extend Madison Avenue bus lane - New York Daily News,https://news.google.com/rss/articles/CBMilAFBVV95cUxQb200S2xHa3dDSjI5YVlCTEktM1NDR2cwY0lXU2ZseGx2RHlsWlNGNjhMTVRBVmQzenRGandXRW1vWFFDS2dZRHFDRm91cXdNODRZbGd6RU1pbHhZOEJqd2dEU3hTbWRlSlVVWEpSblhaUzhnR3hvbVVIRWtYYmQyQmlvMEZvcjJBZmIxRjhYU0xuWlBP?oc=5,"Fri, 24 Apr 2026 09:00:34 GMT",New York Daily News,news.google.com,civics_politics,0.78,0.55,City transportation project extending a bus lane.
New York NY,NYC apprenticeship program: Earn money while training - PIX11,https://news.google.com/rss/articles/CBMikAFBVV95cUxQb3gtdmhtbXdHb01GSFF5ZXIyZjdjTlVaQ0o0SHQtVVNoaVBuaC04MVhlRlJBQW1EOF93X1ZlVlRraWU3SkI3aHB4c2VuSmN5UDlxYVEtdHhJbUVKY0lsVWxTYkplRl9Kb2xnSzkyZ2xFUFhaUFBpN2Y3UUtUYXVqRS03U2JSd2dyd0ItOHBiOHnSAZYBQVVfeXFMT3Q2S0hvQmZYSzZfT3RjMG9SMTZJWW9XWUpYbU1pTnE3aXVnT2pONzFnMldaLVUwemNsSFBTSFJacS1rQl9ncy1RRFVIVE9JelVXeUNyaERabzVTMVZoRGZKM0dXMkp1cWlpRmJyaFgxRm9WRFh0TC1XVjJOenFtTk9oTUx1Tkt6c2JBRlg1UXZuU2pXX0RB?oc=5,"Thu, 23 Apr 2026 00:02:04 GMT",PIX11,news.google.com,opportunities_welfare,0.97,0.74,Apprenticeship program offers paid training opportunity for residents.
New York NY,Frank Carone’s lobbying firm isn’t a lobbying firm anymore - City & State New York,https://news.google.com/rss/articles/CBMirwFBVV95cUxPZ2liSVFGdHZfSlI3cFZ1SG1sR0dVemdZWDgxSnBKdHIzUFdOSHg3MWFOVXpkdWttdk5lOVdXV2VoTjNSSjlqZkxSd3FFdmNHazFjRy1XaURYY1gtMUhNZlFXcElLelRJNzdyNkZQMTAtUE1JZkFQc1p1M2IxZUM1NmNsaV9aajZtN1VWZkhHN1FKdE9hWmVwQmhqZ1gyT1Zqcnk1V2VXeWNOZTNzdzB3?oc=5,"Thu, 23 Apr 2026 08:00:00 GMT",City & State New York,news.google.com,civics_politics,0.83,0.39,Lobbying and city political influence matter.
New York NY,Got parking? ICE is looking to lease 150 spaces in Downtown Manhattan. - Gothamist,https://news.google.com/rss/articles/CBMimwFBVV95cUxOMWpvT3hiOFJldXhiTDFON3pxTjlPb0NnM3hVakdyRzRWV2NlbzFncUxkNU1Uc0pxMk04endCcEhzeHFkdGpOZXhtcVdqU1ZoUF9IaEVYZkxzZVJUMlI3Ym9SYnZSZThLTWgyME5KUDNfcERTcnVzeHNpQ0ExWjUwd2RBVkt2bzEwUDZiYlRILVgxeXYwWGtxTEFJdw?oc=5,"Wed, 22 Apr 2026 19:30:00 GMT",Gothamist,news.google.com,civics_politics,0.88,0.58,ICE leasing parking in Manhattan involves government operations and policy.
New York NY,Thursday’s Headlines: Having a Cow Edition - Streetsblog New York City,https://news.google.com/rss/articles/CBMihgFBVV95cUxOeS1STm1aX1pqLXVxM0tDNzZHYzFxSmtNNnY3emg2VjVFalhPVjNtQk1FVmpqNURNTTRkbXhXS3l4Zkk5bk1CV0NHYUtoNHVQb2lDUy1TMVlmMzktcFJIeXIyMHVMSlBMZjluNWM0WXpickFVQjNjYUduQUppVldHY3N3MTRDZw?oc=5,"Thu, 23 Apr 2026 04:01:00 GMT",Streetsblog New York City,news.google.com,other,0.34,0.12,Generic roundup headline lacks clear topic from title alone.
New York NY,Bronx organizations take center stage at NYC’s 2026 Mayoral Service Recognition ceremony - Bronx Times,https://news.google.com/rss/articles/CBMiiAFBVV95cUxONE1WLXdFaFYwZ3hmaVhBLVRoZzNnQzFnT3lmMXlDaTlnN0R4c3BBLUJzTlF4RmNyM2o4S2JmOUtHdU1oNEpKMldKUHRMNHQzczhzV1NGVksxZHVGNG9PZkw4MHpQUDFsNGhtODFjcWw1WDdRWjRJSTk2eldRcllSMlZHd19IM2ZE?oc=5,"Thu, 23 Apr 2026 19:32:06 GMT",Bronx Times,news.google.com,community,0.86,0.41,Recognition ceremony highlighting Bronx organizations and civic service.
New York NY,It’s happening: NYC's first full-scale casino is opening in Queens next week - Time Out Worldwide,https://news.google.com/rss/articles/CBMiuAFBVV95cUxNaUZDb1NDLTRjS3p4YmRyMWZZTzFvcUVCa1VXVS05XzhBM1o3cW5NNmVkMW1kTW9SMENmVkpfSHpoLTRPM1pKOXBlV0RrS1pGZ3d1WkxQOU5TZWFiaDB2TXBKT3VQdDJFRmpxMmd6NHJPUWpQYnV6NkFGeHRERFVCUTR5am91am5rUGhaWVU0eHV0WnZKQzhvWllaSklwZWxaX3JEaTlVNVJoRFpSSFFmX1A0XzBHVHJf?oc=5,"Wed, 22 Apr 2026 21:13:03 GMT",Time Out Worldwide,news.google.com,community,0.92,0.62,Major local entertainment and business opening in Queens.
New York NY,Keep New York Moving: Antonio Reynoso’s Six-Point Plan for Transit That Matches Our Reality - Streetsblog New York City,https://news.google.com/rss/articles/CBMixwFBVV95cUxOY0l1TmY5OVdWOU5DaVNqc2ZIYkU0VVRVZ1Q2OElIR2dpWVREZFY5bndrWGE5bm5iWXJ4STI2ZUpYRUVCOXRpaDBZTmlqREMwM2ktcW5iVDBrUWtXRUM1MFU1NFhYU0JlYWx2R0xacXlPU0VZc2RnX0xQNUtaZjEySFQ3Q2NVQ0psMDlMNzdoVGYwRVFKeTlOeU9FVXJKOFZXNFdDZmJnR2FNMXVWNEh4TERYM1ZjVlBtb3oyOW1TZlY5MHZPMjdR?oc=5,"Wed, 22 Apr 2026 18:10:00 GMT",Streetsblog New York City,news.google.com,civics_politics,0.89,0.57,Borough president transit policy plan for New York City.
New York NY,Extra Extra: Owner of Queens restaurant that hosted infamous 'COVID conga line' party erecting massive Padre Pio shrine - Gothamist,https://news.google.com/rss/articles/CBMi2wFBVV95cUxNemRwbHhoMnFjdi1vT3RkcWYxWnVlSko5Z2NQTlg4bTFIdzdhamJJczRoV0RTaVo4U0pDY3p5aTRXUnItTUp1S2FEOVljYmJBbVlhYUdNeHk3ZkQwSF85Yk5vUHJvS0dwRVZuQ0lzZXBVRGlxTEJxaUlvNWR0YmJibUk5MC01aENKcV8ydVY2b3NLWHhSX2I4d0U1NzZUdkZ2R2htSmVIa2s4SEpyUEdwM1lqV2s0MlF6eGtTNmRjSDFQY19rMXN1V1RaUnVXQ09sWHdCT2RLUmpmUjA?oc=5,"Wed, 22 Apr 2026 19:00:00 GMT",Gothamist,news.google.com,community,0.78,0.28,Quirky neighborhood human-interest story about a Queens restaurant owner.
New York NY,NYC to crack down on businesses still using solid roll-down security gates - SILive.com,https://news.google.com/rss/articles/CBMiuwFBVV95cUxQSjVvVkZtdEVUZ3VPa0laVkRSTTBJMDBUcnRNQmZua2REWnU1MGNIN2NmN0FFOHVWaTUzX3gxTDdYalNVbFBzNTdpTnhEUHctWjRjTmFmb1d0SWxWdHI5NmRWRzRlY1NaQkp0Ujd3UUNYNS1JWlpqWmFxUjh5UHhQT3RNcHExZ2JVWF81Z0NYV3oyVnRtUE1NMjRlbkh3ZEpKVWgxVzRvMGRoVDhOdDhEWUlKYWV1bklHdlV30gHPAUFVX3lxTE9JUVJoa1dfVWtvRTJGMFFwX1JMYmpYLVJ1Q2tJQkwwNjZoQkxCSHBLc3RCSzgwMDZEOVlDNkhXT1NpRmQzaFROeGllcEtnb1AtaDJaSm1qSGtsQ19CQm1wbHlGX08tOVRKVEV5ZWcyM1ozNTBhWFl1MWkxNUlHaW9QT0JySzFPR1MwelB2M1BMMEg4YmUtV3V6Q19GWDIxQm16R3BQSkd4enR0dmpJbzRYWHRYZmFZNzRNVjVMbzJvOU8xYkwyYUR1RlRmMzl6MA?oc=5,"Wed, 22 Apr 2026 15:35:00 GMT",SILive.com,news.google.com,civics_politics,0.91,0.61,City enforcement action against businesses using certain security gates.
New York NY,Hungry Women @ SoHo Playhouse - Auditions - Playbill,https://news.google.com/rss/articles/CBMimAFBVV95cUxOMXRLSWZYcnQ5TERneE1lb2FLZmFuWXdiajZ6ZXIzUWdzekR6aW9YMWM2UXFaOFVqZVB1VzBmUnlCSlRjODd5THhOc01pMmFLVTcyVzVzMGxXa0c5emNsZjRFNW4zX2dxd1N6U3Y2QnNKMGRlRnJrWnhvWDRWeVlmZ3hDMmZXcVgtYTNmaHRCcHpxWjNfRVhXVQ?oc=5,"Thu, 23 Apr 2026 13:22:33 GMT",Playbill,news.google.com,opportunities_welfare,0.93,0.44,Auditions are a local arts employment opportunity.
New York NY,Twenty-Nine Members and Associates of Jersey City Drug Trafficking Organization Arrested with Narcotics and Firearm Offenses - Department of Justice (.gov),https://news.google.com/rss/articles/CBMivAFBVV95cUxPOGNMYTJRbTFfSFp0VERBSWdiVUpFNU1pS2FCTjB6NnE4bTQwS3locXhXVXByUXRxekFfc0NqZGR1bThCLWJjeVZnRlJUb3dYR0VWUTNMckg5UDQxY2RXRmtnNURfcVNmRTlIMzZmN2FhU3FRWUtEdWlXTHA5SWpXc2hwVDhwbDFHVHZNVjJNYUk0dFZYazQyX055Vlo0UVdwZF8zVVhNNFhaUU1CVFdQT1lvZmlIbnNVYVV1Yg?oc=5,"Thu, 23 Apr 2026 20:56:43 GMT",Department of Justice (.gov),news.google.com,nonlocal,0.97,0.18,Jersey City federal drug bust is outside New York City.
New York NY,NYC trash bins selling out at Home Depot: Here’s what you need to know - SILive.com,https://news.google.com/rss/articles/CBMirgFBVV95cUxQckZacE4yNlBTRE5aaTZ0bjZpb0U3UExMTnE3WmRQc010N1hZN0tKc0pySVF4SFRVT2NyZzF5d0hDSFM1dFpMQm9qcHRiNUNBbG5HRHFuVWlxdlFKYU9Bck9vTEtJbDZhSzdTbkNuY3pjSUgySDJGWWVndE5ITml3ZkdPLXRiRTdkbFpJNzFYdS1peHk5MnZQV3hWTTQ1amh2UzE3M0RfaGx5YmVqdlHSAcIBQVVfeXFMTWRva3Y3eHMxbzNhSGxtWTJTODlLaUJKakFkcGctYXJEQnFBSEI1a0ZFMUpUbU5SODJxRnUzczVHZi04aFk2a3VOUnFweFBnMkVRa1hFSEwwS2d5MEM0UjdmY2lSYTdLbWFtc0ZkbE1GOThSVnktN19SS0tKZHMzdmJHSUdGNDIyaWNncDN0TTNRbWhRRy1mNVQ3Tk9wNkRTRzloT0p2a1U0Sm5wUEpMaWJjYUdCSVFnZTk2RmVqLWNtY1E?oc=5,"Wed, 22 Apr 2026 18:42:00 GMT",SILive.com,news.google.com,community,0.74,0.43,Consumer-focused local service information about NYC trash bins.
New York NY,Bronx elevator outage: Tenants forced to climb 9 flights of stairs in Concourse Village apartment building - ABC7 New York,https://news.google.com/rss/articles/CBMiygFBVV95cUxQLU8wQ2dkakctdGdnQlRZblQzdk94bXN3S19hc3BSdjNXOWtCeFRJMGVwNnBIRWwyckFxVjZfaTFMSDcxWE1id2hNaG1kNlNvTjlpQzJYSkUyZl9fRUVzRS1FTUFfZXNCekxKVDVrR1k1NUVmUndQSEJRakItUUk1eVRleHI3QUZVQkNHeGUtZWw5dU5yMDh2NS1VVDRoZXZWVDlVUUhhRzI1RWFSN3VOdmEteW5pSnVGdENwS2NKbUcwNTk1dmw2RVBB0gHPAUFVX3lxTE5XMGJzX2JNcXZTdjV3c01HWXBWa0dHaEFOYkh4eXFKYjg5c0syOV9hb1dkX0hMbFpXMnltRThaWk8ySlRid09Rbnlpd2NXb292VWc4UVZsaVhiSVlLWkdGd2c3SFB5TGt5N1BhX2tCMV9pQTFmOUVQcnBXRVI1aWcxaUpNc0lTX0FhZkNvWkVob2kxWHZqZmszMVdTTjhmeFo3ZGdGUWZxb3RqRE9weG8wR05HZ2FoTlR4Q0NoRkc5aXhJVWZlUDR6T2hESkRVZw?oc=5,"Thu, 23 Apr 2026 03:22:37 GMT",ABC7 New York,news.google.com,civics_politics,0.83,0.56,Housing conditions and building service failure affecting tenants.
New York NY,Inside the massive men's homeless shelter Mamdani is closing after decades of disrepair - Gothamist,https://news.google.com/rss/articles/CBMiswFBVV95cUxQOWt2ZXNZLTVCZ3B1U0FzcG9MV1FVZFd2YWVfY29tUHc3N3Rnc0NUZG9YaHdOdE5NU2JzWWhsTTlWQk1qaWd0WkVqTkd3RFh5UWVnckxELUtzOXZzRnpHZmVYWldxaUg4Sm1jUVpmSGhFdTJwVndrbVJvelRXQzExdVJTRnVEOFgxRWk2TncxNHpNdVpnd2pUTkVtTzNLdHlZc0Zhbk1oUnhqXzF1RGFuYmFrZw?oc=5,"Fri, 24 Apr 2026 00:40:00 GMT",Gothamist,news.google.com,civics_politics,0.87,0.59,Homeless shelter closure tied to city policy and governance.
New York NY,What New York Can Learn from Mississippi’s Education Miracle - City Journal,https://news.google.com/rss/articles/CBMif0FVX3lxTFBZNXIwYlhoNkNjSEFEcVFWTzZ1Q0RmUzc0dEVKYTZkUFNkekJ4VXlrRl9wQldpWGZFbjhBdDZEOXVkam03YjdNdDkyWUtpSlBtWlBtTEhDak03LWpoZnJ2TWpVQmlwZ0s4ZFNHYVdjU0RrWGZ2RHRJWHJrYWppd0k?oc=5,"Wed, 22 Apr 2026 12:02:13 GMT",City Journal,news.google.com,nonlocal,0.9,0.16,"Primarily about Mississippi education, not directly local news."
New York NY,"Updated Design Revealed for 112 Liberty Street In Financial District, Manhattan - New York YIMBY",https://news.google.com/rss/articles/CBMitwFBVV95cUxQWE5EQ2ZTcDRvX3R6eERYaVJ1QXR1bHVnM3J1OXozZGhlZG5YUDVRa2VoU3JhZmpaeUpJelljRnpzWFBUTFJoOWRyVFNtNm9LeFA2R3o5TnRfTl9kbmozbWZURVFTMXNYdEs5bk9lcVhDTEZkbVpNVEJ5OHB0SUs2TEprLTNYUWhSSm9iTjU3Rk8zUlFGNW5Ja3ZLemM5Sm9kWEZVT2VZbVRpdDl3WUJmY3BEN0FJLTQ?oc=5,"Thu, 23 Apr 2026 12:00:10 GMT",New York YIMBY,news.google.com,community,0.72,0.37,Development design update for a Financial District building.
New York NY,This Michelin-starred Korean steakhouse just opened a new location in midtown - Time Out Worldwide,https://news.google.com/rss/articles/CBMivgFBVV95cUxNSEplNm9WdGVEYWFKTFpuOXpCYldQSThqcWl5UnJKUWtVY1lGNjFtRGdsSG5iaktsZ0NpOS1ac2xSdVZwMjFvSHRjR01XZzZkOXBiOU44cVMzUU95b0E0VWhIVE9vYm1iLW9ialJMaXRkTkc3UlYzMnllSW1LalRFZElBVTJyOWdmY3VWNUlvVVBTSXNSZUVjV2tKZFZJT3c1QTNoT2pZQUEtbDIwT2xiNk1FRzlJUUk2SDAyeVZB?oc=5,"Fri, 24 Apr 2026 01:15:33 GMT",Time Out Worldwide,news.google.com,community,0.96,0.48,New restaurant opening in Midtown is local dining news.
New York NY,FDNY responds to overnight fire at Staten Island laundromat - SILive.com,https://news.google.com/rss/articles/CBMiogFBVV95cUxNUUVOMWV4TmRlNGE0TXg1MkhQQUJEQ0hocE1fZUM5U3BzRlVOanVMRFo4VmlrOUI3WTc5bTBrUFRhSzJ2OER6aVlTYW9Ea2N0NXdWUzBlYzR0ZXZCalBQNWNzQ1Q5VE9fT3NqX0pVcnhwTHBMTWQyWEtWcUM5MUxEZ0tIampXc3hTMGw1U3cxcmR4dEFiOEI3WkFhMTUwVTlXT1HSAbYBQVVfeXFMT2IzYXJDdTZQVnA1Vi0wS0EwMXlPUmNnX01ZS2VzNEV3TnRHdDd4OUtPeGRsLU56cmRBb2ZwWnFZVDZMeS1rMV9GQ0Nua3QxVHNIZ3A1bDUzbGhQQVBONnJXTHJWUU1Xc3R5RTFKcnBiSHlCOTQ0UFIyR2czWll5N29iRVpyY0xGeFpQeDNZeHM0LUU2VjJCN25aM2dqSmcyb2lWMFNuMDd3MmwyYVRhOUZqQnktUnc?oc=5,"Wed, 22 Apr 2026 13:18:00 GMT",SILive.com,news.google.com,community,0.72,0.45,Local fire incident update; no immediate public action indicated.
New York NY,A Wood-Shingled House on Cranberry Street Full of Donald Judds - Curbed,https://news.google.com/rss/articles/CBMingFBVV95cUxNcXNjMFJUZzZQc0piVTR5QlNjeERmRHNSWEZNZkN1QnktQjNRMERGb19MbDhZWlR5TWVnVnMtSzRkSWJtWDJ0NVE3dl9UalJUcHpHR094RDNnS01LSlFyZE5INkMxLVYtRUhEUFVzbVJjSHVISnFzNVd0MXd4S2ZqWk94VWtuMk5kVFZKTUVDaEhYeUZSZEJnbkIxTTdLUQ?oc=5,"Thu, 23 Apr 2026 15:08:57 GMT",Curbed,news.google.com,community,0.93,0.28,Local architecture and culture feature about a Brooklyn house.
New York NY,The Rocky Horror Show Broadway Review - newyorktheater.me,https://news.google.com/rss/articles/CBMigAFBVV95cUxQWTJncWJvRmRkRDFWTlJESmhQMnJFNFVSOGtjblVKWS00Ukd5YUNjMjdJY2o1Sk9JT3RGazY3alVsdXZZaVAxQU1CRlNheGVFWGpOemp4enNlWEc1X3hWQThzUTFFN2FXOURDZERlcFRFNlVvMDl6U2MzdDBmbkxJaQ?oc=5,"Fri, 24 Apr 2026 06:18:33 GMT",newyorktheater.me,news.google.com,community,0.98,0.22,Broadway review is local arts and entertainment coverage.
New York NY,Ex-Mayor Adams wants NYC taxpayers to pay legal fees in 1993 sexual assault case - Gothamist,https://news.google.com/rss/articles/CBMiqwFBVV95cUxPc2hwS1gwODhuQjctY3padEwtMTUwZlJBUEtBUTE1SFQwVkNKVDRrTEhzWTJMV2QtaHZFdXlHM011c1BkR2c2cV9wNkNla3FyUU9PUl9wdTRsejA5bUhDbjEwVmJFd3FnRVpXMDdoaDRKUjVXVnRxQ1JPSjYxREtNQ2Y2SC13bDJEZm1CRlg2TGZDcS1YN0pfSGo3TGFKLVdYUVhXUjNiZEtjak0?oc=5,"Wed, 22 Apr 2026 18:32:00 GMT",Gothamist,news.google.com,civics_politics,0.95,0.62,"Former mayor, taxpayer funds, and legal fees are civic-political matters."
New York NY,"No, the ‘Greek Freak’ didn’t sign his petition - Politico",https://news.google.com/rss/articles/CBMiuAFBVV95cUxQVE5VbEt3Wllrcy1UbktDandzbDdRVTg5RERoVEFNdWMybFFXYnN5QThsSnhWN0Ezcl9wdllvSWdUUk5GVnZ5aDg4SWZ3VkRMOWpPUlc4aDZTemFSRnFaVXJORnlWeEp0TGhMb3pNSVFYUWN4T3dOWGhZMXhraHctczRUc01ZcGg3WUtSSW0xa1pfTXU4ZGUzS2tDZG9VRlUyemZqcDltXzdPUU0wWVRqM3R6TXBKRWwt?oc=5,"Wed, 22 Apr 2026 10:00:00 GMT",Politico,news.google.com,nonlocal,0.78,0.18,Politico political item lacks clear direct local relevance.
New York NY,"Millions of dollars' worth of drugs seized in largest fentanyl, meth bust in New Jersey history - ABC7 New York",https://news.google.com/rss/articles/CBMitgFBVV95cUxPSE1UanVOOHFFU0xUc1NEQ0hNY01vY2p2Rkp5cTJqT3JoRnVQcGRua3ZxNEc0UVBZRU5FQVdjakdUVzVlTVJpOEpqOWRoNGxqTXZpQzhlTDdVQU9mTXZ2UW13MjFwejBhcFFBUFd4bVBwb0hkaFQxdFZSUmJLYnN2MDBsM1BhUDU1dW96TFJHSDQ1eWExNWFKTXZ2UF96WkJIUmdZNkNIdXFDTWdRby1vU081UEpqd9IBuwFBVV95cUxNSGxGajNYS1B3ajYtamh6TGVYVzlCWlRSMXJITmVMODRWTnVNaTdyZzBDLXd0cW1UVjh1TC1rSU90Q0Nib2tMc3ZTemlGNjB5RzkzYjFOR19uSWVCcDkteU8wQmxFNk5FNVBJMzVteGlOSWR5enZxbzRXSjJzOXBzbnFCXzgzbmRkVC1jZDBGaVMwY2p6ZEpEU0xjOXBkdDg2R2JJVkN3S1pWWHdEcmh1SHhDejNwZE1NdzZ3?oc=5,"Wed, 22 Apr 2026 21:50:14 GMT",ABC7 New York,news.google.com,nonlocal,0.96,0.2,New Jersey drug bust is outside New York City locality.
New York NY,Get a free book from Jack Harlow at McNally Jackson tonight only - Time Out Worldwide,https://news.google.com/rss/articles/CBMirAFBVV95cUxQeWJjd3ZIem1hRU44LTNqX2dDMUZWQlhRNmhvYWdRY3hITmdpVFY3XzJfS3hCM0ExNjVJMEM4LXhqRVFWRElRZGRpNXlod3cyWGcwU1N4NGJZXzBUT0x5aWkxWXBrb0I2Rk9YTmt5UmxQQXdod3JIdUFnRkpEQVlxaFN4cUJYSHUySmVZbF9VZFdJVm51T3A5bjZYTHMxMnRWMXhZN2RmMXJNQWpQ?oc=5,"Wed, 22 Apr 2026 23:37:16 GMT",Time Out Worldwide,news.google.com,community,0.95,0.42,Free book giveaway at local bookstore is a community event.
New York NY,To gentrify or not? The quest to ‘Manhattanize’ the Bronx continues in Van Cordlandt Village - New York Amsterdam News,https://news.google.com/rss/articles/CBMikgFBVV95cUxNSXBSczU5RnJIc2F2QzBUYTBQQTg4amRNTEJ2R3RDcl9qeUJudGFLc090cVZVMkpnLVRRalRva1FBdzQ1WUpDZHhJX1U0enhDVXc4YWtlTnV2VXJKUG5Qd2lpRlNsTUktZUJWWHh1ZVRkbW05SHlWcHRHZDJrRHZpYWMxSmptQzA5c2o0cjd0ZER2Zw?oc=5,"Thu, 23 Apr 2026 04:00:00 GMT",New York Amsterdam News,news.google.com,community,0.78,0.5,Neighborhood change and development discussion in the Bronx.
New York NY,Met Opera's $200 Million Saudi Arabia Deal Falls Through - BroadwayWorld,https://news.google.com/rss/articles/CBMiowFBVV95cUxQVXJVLTduZktibWtVUG9TNTBReURLTlhxOU5jV01DWkU0WnE3Mllod1UtWkJYUVlOQkg3eXVRdjRFSGNhWjlTM25Eb2FrazBoWVpMZ0oyNThjZHJvd2l0Y3BqemtydWN1dTJlRTRjQXhRaGUxZUxORUJ1NFBrcktLTDNMSmtHbUhGVllET0JJRVRCVXYxa0FZaFp6dS0xRmhDU000?oc=5,"Thu, 23 Apr 2026 20:09:45 GMT",BroadwayWorld,news.google.com,nonlocal,0.72,0.2,"Opera financing story centers on Saudi deal, not direct local civic impact."
New York NY,Landlords and tenants speak out on proposed increases at Rent Guidelines Board meeting in Lower Manhattan - ABC7 New York,https://news.google.com/rss/articles/CBMivwFBVV95cUxQZnBoanRnWEVfQUE0WkZwemVCcUNXNm5KSVQ3SXIwT2gwbUpSMm9lY3c2c05KeWcyNlRfVU40RzdmSjZRM0FSb2NaeHVCZGdWbGt5d0RrVHV3RHJjTG1ldmQ4RmstREs5eGpuVENlOThhbkRESmw2a2FxYjByeU40cmFpcktDNzd0N1VUU2dfM0FtcVU5c1RUQkJaeXdsLUEwUWtSY2FjU3FNaThyX3FnYzJNdE5NMEdDTXlhWEFIMNIBxAFBVV95cUxOdUNySnFlTEdRRkpoTUlQS1BWTUpHUThSbDN6MVZEUmNMUkhhUlNtODFFQUZhbDY3TW1XOFVLLThISVlVSlFOSDh0bi1OSGZ0dU5iRllES042dmdaaFYzUjRPQVVpVjRra0M4ZTdmcm5mT2E1VGtOUllXTEFjX3BlSWpvdTNvamVpeVZYZnlvS1VqM0NVeU9hZFlaeDNOVDZaZk5iVVFnNEJHX0pKSk96N3lpN1Q2aVVHVDVNYUpOOTNGaW4y?oc=5,"Thu, 23 Apr 2026 19:34:47 GMT",ABC7 New York,news.google.com,civics_politics,0.94,0.68,Rent Guidelines Board meeting concerns housing policy and public governance.
New York NY,FDNY: 15 injured in Queens school bus crash near LIE and Grand Central Parkway - Gothamist,https://news.google.com/rss/articles/CBMipwFBVV95cUxOT09ZN3ZxRlpvOTVTVzVFTmJLLUNFRGJ0ZERiZG9sbVRMSEVzcTFDSENRTGxTMXl1d0V6S29GZGFSQWhOdnR6V3ZpWTA3WHNvNjkzQ1JoRTlSYmtJX0N6R0tCejE4TFFSWTBNQ2xuQllZRGNudFVxc1A0aWd2Y3JIdFZwdy1hdG9vRmJKeWpzMkdndTVzX1p3M0Y1dFNQVXpUOFo5RUVDQQ?oc=5,"Fri, 24 Apr 2026 00:40:00 GMT",Gothamist,news.google.com,civics_politics,0.84,0.56,"Crash with injuries is a public safety incident, not active alert."
New York NY,Mamdani replaces longtime head of Mayor’s Office of Operations with Lander alum - Crain's New York Business,https://news.google.com/rss/articles/CBMigwFBVV95cUxPWGh6N3l4dXpyRG5MYVEzVTdOUGVWOHdTRzg1UzBqdmVOMDlNVVQ0S0UxczJ3Rk1tOHBvM1ZkR2ZHYVJGbDJpQ3puMnlRa1dPNlpCSE03aVFIMHh3R21lZWdXampwVGd2Uk5EdVotZWg1ejh1SmxMNmFRWW85R2xUd2NzZw?oc=5,"Thu, 23 Apr 2026 10:00:00 GMT",Crain's New York Business,news.google.com,civics_politics,0.96,0.58,Mayor’s office staffing change is city government news.
New York NY,"Get a 1st Look at the All-New, All-American Cast of Operation Mincemeat On Broadway - Playbill",https://news.google.com/rss/articles/CBMisAFBVV95cUxOX195MVJKUGRDWlhUR2JCaG9vZmpzNkFtZVpUMV8tekR4Sm1YWFMyR1Y2bHZMZnNoeGFKa1Y0ZzM2enNrWm1ZaHY1MVV2TWdXT3J4ZU9Pd00wZGRqeXBBdFZpcnhxLTJ5LW1LOElLN2VWSl9JeTR5TFNheUxlTjhGMWIzNWdGYkh0QTc4elowYXE3UHhuU281RkZnbTVyaUNXa1dEWXUzLXBvRTVIem8wUg?oc=5,"Thu, 23 Apr 2026 19:03:29 GMT",Playbill,news.google.com,community,0.97,0.26,Broadway casting preview is local entertainment coverage.
New York NY,I Have a Crush on My Landlord. Should I Go for It? - Curbed,https://news.google.com/rss/articles/CBMie0FVX3lxTE5KNW1HUTktZzctYklWQ1VKN0VjZjhQdVJRY3FiTjQzRVBRV0xraHNyZGlCbFN4TjVlVEJRYWRaZXY3VTczMUY2QmxvY0V1N3BpbzRUSlBrenN1X015M3ZGTlp1X0hnT3NVeXlINVZONnp6a1NscC1KbjhmNA?oc=5,"Wed, 22 Apr 2026 11:00:23 GMT",Curbed,news.google.com,community,0.9,0.12,"Lifestyle advice column, not civic or service information."
New York NY,"As upstate New York looks to nuclear power, NYC remains dependent on fossil fuels - Gothamist",https://news.google.com/rss/articles/CBMiqwFBVV95cUxNV3JHQjMyU3VvUmE0SkVCazVjcEZhVjdVa1RoQ0NVc2FSUlRfM2hUVTZPTlBFeVNwbWY5WUJMa0dfVHMxR0lQYnhwNHZtSm9mWmhWMGVUb1ZWalNVYmJzblYtc3V0OTJrV2J1Q095RXFhcmFRQUZlRTZlVU1CelByTXdoaFh3V21SbzJ4dXdmbG1zdW94UW9HSmpDN1VBdGpRTDhsbXJQY0tXenM?oc=5,"Wed, 22 Apr 2026 14:48:00 GMT",Gothamist,news.google.com,civics_politics,0.76,0.48,Energy dependence and nuclear policy are public policy issues.
New York NY,"LIZA! AT 80 Celebration To Feature Kristin Chenoweth, Donna Murphy, Beth Leavel and More - BroadwayWorld",https://news.google.com/rss/articles/CBMizAFBVV95cUxOVWxwX1VZNW9sWUEwN3dab0ZraFYydk5lMEpiTGphckFuZEVhN0wyVjlVc2tUTVZNa1JudkZVVFJVSnpqVGtNMkxtU19HYmJMeThuOGdZdWgxa2pJZXJpV1I1Y2hkbndEeGN2MmJPV21HVjZnaGlsR0ZaeVlfMkdLT0ROOG5RQm5pUlJuOGZjWHNpRzd4NGI2MVU2cXhPYlp1VGo4YlJNQ0QyNEVTajVacEptYkE3RkptcmlDMnBRaHJwSzVnLTEwcDZnOUw?oc=5,"Thu, 23 Apr 2026 19:17:27 GMT",BroadwayWorld,news.google.com,community,0.97,0.24,Performance celebration announcement is arts and entertainment news.
New York NY,Early Addition: Do NYC teens have a constitutional right to look at TikTok for more than an hour a day? - Gothamist,https://news.google.com/rss/articles/CBMixwFBVV95cUxQcW50Y19fUXVmUlFDVi04RmhGR1JIdmNlSi1GVXBESURmLXBkSUpjdHpVRnpUcW5MTG5RbnJLdFU5LUJaNHUzRWllaWFUQkRBeDFpTWh2UUdpdFZBZ2ZsV0hlaDU5YkIzTGhnd2dsQW5uMVQ4TmE4RWtkMVBaSnR3MGtELWw3Z1p4ZFBaeEsyQjhSOG1fUWdXSEsyRjhOOEJDUFdqOHI2ejNuUlR0N3lWb0t4Nm85NHJaSl9Nb3RBdW5pV0w0bUtR?oc=5,"Wed, 22 Apr 2026 14:01:00 GMT",Gothamist,news.google.com,civics_politics,0.8,0.38,Constitutional rights and teen TikTok limits involve policy and law.
New York NY,Driver having medical episode fatally strikes 72-year-old woman on Bronx bench: police - Gothamist,https://news.google.com/rss/articles/CBMisgFBVV95cUxOM2lFV2JETUx6MHVkQjVEN2RVUXBCU1o1WW9Mb3lyOHZhWHRwXzdNczhIZWJUa09Ya1VZV0pveVhoVjhDTTU1eHpQTF9fMk1aS2twclNoUjlrSFBnTGFiT2FhaUJXbXBtbDkwd0NKN1pOZWdIc0E3Q0VhejZHRVR4R09oVWxMTjh1T0lJd2VOZDh2Y3ZpYzlIS0otSFhiUkYza3V5eEstZi1SMFQ5dENVZVhR?oc=5,"Wed, 22 Apr 2026 12:03:00 GMT",Gothamist,news.google.com,civics_politics,0.93,0.46,Fatal crash under police investigation fits crime/public safety coverage.
New York NY,An all Wallace Shawn film festival comes to the Lower East Side - Gothamist,https://news.google.com/rss/articles/CBMipwFBVV95cUxONHRlSkRqNUlJUW1DUnBxMENsYkhjNTkxWGRzcTNXMUFWRXZQZS1QUnNFN0l5TlRGNTlyRE9lM1RKOXZOWTMzRkZmV280d2hZQ0J3M0NoWDQwdmdlb3R0bk9IS3ZKRzlZWWMtSjlOUVlONTQyZFNmUExod1Q3SGo0UDJlMzFXeWZUTXY0U2VHMHJUNTBPX0Z5SnVvRUx2N256UE1lUzR5RQ?oc=5,"Thu, 23 Apr 2026 17:03:00 GMT",Gothamist,news.google.com,community,0.97,0.3,Local film festival on the Lower East Side.
New York NY,NYC universities restrict commencement speeches after students criticized Israel - Gothamist,https://news.google.com/rss/articles/CBMiqwFBVV95cUxQZndEclFUbXdoMFUwUFZrZGQtSFh1NmVlM0RRZHpmZE1rMlZuaTZ4Q3dzcVRYbjB0T29zOGp6dHE4azFVdHBVYmUyOXdFQVhEOU5lZFBDLVZxZFNfaGZLVUN1WVZ3Zy1PQXVkbWpaRUdTcGp0WjRxWDlOZjZRc3RpVElmQ18takVTUXQxM256WlNLdU9zamRIS0lHT19DZmFqdGZmRk91WUpreXM?oc=5,"Thu, 23 Apr 2026 17:41:00 GMT",Gothamist,news.google.com,civics_politics,0.88,0.52,University speech restrictions tied to protests and institutional policy.
